trial,response,correct_answer,rt
1,right,down,1.4115104675292969
2,up,right,0.003005504608154297
