trial,response,correct_answer,rt
1,timeout,left,3
2,left,left,3.0125648975372314
3,up,up,0.7999067306518555
4,up,up,1.3135790824890137
5,left,right,0.0018260478973388672
